City_ID,City,Lat,Lng,Max Temp,Humidity,Cloudiness,Wind Speed,Country,Date
0,praia da vitoria,38.7333,-27.0667,16.14,67,20,12.86,PT,1734485707
1,vorgashor,67.5833,63.95,-24.98,100,98,3.11,RU,1734485708
2,hobyo,5.3505,48.5268,24.69,74,91,9.61,SO,1734485710
3,iqaluit,63.7506,-68.5145,-25.15,62,75,2.57,CA,1734485412
4,stanley,54.868,-1.6985,11.01,91,75,7.72,GB,1734485631
5,blackmans bay,-43.0167,147.3167,21.4,47,0,1.34,AU,1734485713
6,smithers,54.7804,-127.1743,-5.82,68,100,6.69,CA,1734485601
7,hawaiian paradise park,19.5933,-154.9731,27.71,79,75,5.66,US,1734485716
8,albany,42.6001,-73.9662,5.36,73,21,0.45,US,1734485494
9,grytviken,-54.2811,-36.5092,-0.46,84,20,5.23,GS,1734485718
10,mar del plata,-38.0023,-57.5575,18.94,90,0,4.63,AR,1734485310
11,colonia,50.9333,6.95,7.2,87,0,5.66,DE,1734485721
12,shingu,33.7333,135.9833,9.97,43,100,3.61,JP,1734485722
13,cockburn town,21.4612,-71.1419,26.03,82,14,11.75,TC,1734485723
14,carutapera,-1.195,-46.02,26.63,82,20,3.93,BR,1734485725
15,waitangi,-43.9535,-176.5597,14.34,93,100,3.58,NZ,1734485726
16,petropavlovsk-kamchatsky,53.0452,158.6483,0.33,55,75,9.0,RU,1734485727
17,barcelos,41.5388,-8.6151,13.61,87,100,2.8,PT,1734485728
18,tsiombe,-25.3,45.4833,22.88,87,100,1.13,MG,1734485730
19,anadyr,64.75,177.4833,-11.72,72,75,12.0,RU,1734485731
20,adamstown,-25.066,-130.1015,21.63,64,1,5.61,PN,1734485732
21,guerrero negro,27.9769,-114.0611,15.25,81,0,4.12,MX,1734485734
22,nar'yan-mar,67.6713,53.087,-19.26,81,24,4.05,RU,1734485735
23,tamanrasset,22.785,5.5228,8.95,29,0,7.72,DZ,1734485736
24,arraial do cabo,-22.9661,-42.0278,23.49,86,50,4.27,BR,1734485737
25,quellon,-43.1167,-73.6167,11.92,96,100,2.95,CL,1734485739
26,nova sintra,14.8667,-24.7167,26.0,70,53,1.73,CV,1734485740
27,wuwei,37.9281,102.6414,-7.29,59,100,0.9,CN,1734485741
28,lethem,3.3803,-59.7968,25.25,86,98,4.0,GY,1734485742
29,isafjordur,66.0755,-23.124,-5.05,93,78,1.12,IS,1734485744
30,kuqa,41.7278,82.9364,-12.59,85,5,1.21,CN,1734485745
31,iskateley,67.6803,53.1512,-19.26,82,24,4.06,RU,1734485746
32,horta,38.5333,-28.6333,16.68,77,89,11.18,PT,1734485747
33,saint-francois,46.4154,3.9054,3.69,100,100,1.54,FR,1734485749
34,bethel,41.3712,-73.414,9.5,70,100,0.89,US,1734485713
35,trapani,37.8333,12.6667,11.82,89,0,2.42,IT,1734485751
36,thinadhoo,0.5333,72.9333,27.84,77,23,7.49,MV,1734485752
37,kapuskasing,49.4169,-82.4331,-4.95,100,100,4.63,CA,1734485753
38,haeju,38.0406,125.7147,-3.71,42,1,3.31,KP,1734485755
39,ushuaia,-54.8,-68.3,11.81,40,40,7.2,AR,1734485675
40,san patricio,28.017,-97.5169,22.97,81,29,3.89,US,1734485757
41,wailua homesteads,22.0669,-159.378,27.29,71,0,6.69,US,1734485759
42,felege neway,6.3,36.8833,17.54,59,33,0.88,ET,1734485760
43,bilibino,68.0546,166.4372,-25.28,100,100,1.48,RU,1734485761
44,puerto ayora,-0.7393,-90.3518,22.54,84,10,3.1,EC,1734485762
45,yellowknife,62.456,-114.3525,-30.88,90,0,2.57,CA,1734485718
46,happy valley-goose bay,53.3168,-60.3315,2.17,87,100,5.14,CA,1734485765
47,puerto natales,-51.7236,-72.4875,7.25,81,40,9.77,CL,1734485467
48,kyzyl-mazhalyk,51.1333,90.6,-25.62,90,60,0.1,RU,1734485767
49,st. john's,47.5649,-52.7093,2.86,84,75,6.17,CA,1734485752
50,new norfolk,-42.7826,147.0587,22.06,29,0,3.12,AU,1734485770
51,papatowai,-46.5619,169.4708,20.71,48,100,4.69,NZ,1734485771
52,egersund,58.4513,5.9997,7.78,97,100,9.7,NO,1734485772
53,labytnangi,66.6572,66.4183,-25.6,95,20,1.81,RU,1734485773
54,talnakh,69.4865,88.3972,-13.81,93,100,8.05,RU,1734485775
55,invercargill,-46.4,168.35,21.75,35,100,4.02,NZ,1734485776
56,utrik,11.2278,169.8474,27.17,77,51,11.12,MH,1734485777
57,copala,16.65,-98.9833,24.71,79,3,1.28,MX,1734485778
58,ormara,25.2088,64.6357,20.44,32,12,3.25,PK,1734485780
59,jeddah,21.5169,39.2192,23.92,53,0,0.0,SA,1734485781
60,omachi,36.5,137.8667,0.63,89,99,1.9,JP,1734485783
61,mishelevka,52.8575,103.1719,-12.85,96,100,0.47,RU,1734485785
62,ilulissat,69.2167,-51.1,-8.99,62,100,8.23,GL,1734485786
63,saint-pierre,-21.3393,55.4781,22.82,64,0,3.09,RE,1734485787
64,la passe,45.5549,-0.8967,8.39,66,70,4.17,FR,1734485788
65,sokoni,-6.4333,39.55,26.68,76,6,1.51,TZ,1734485791
66,gumdag,39.2061,54.5906,5.75,88,8,4.03,TM,1734485792
67,fale old settlement,-9.3852,-171.2468,27.1,83,100,7.26,TK,1734485793
68,novyy urengoy,66.0833,76.6333,-7.92,94,100,5.57,RU,1734485354
69,tiksi,71.6872,128.8694,-18.33,86,100,4.68,RU,1734485705
70,avarua,-21.2078,-159.775,27.03,89,100,5.66,CK,1734485797
71,port-aux-francais,-49.35,70.2167,5.7,84,68,12.92,TF,1734485798
72,guarda,40.5373,-7.2658,3.57,81,6,2.95,PT,1734485799
73,vilyuchinsk,52.9306,158.4028,1.15,86,100,4.9,RU,1734485801
74,qaqortoq,60.7167,-46.0333,-8.86,74,100,3.74,GL,1734485802
75,dudinka,69.4058,86.1778,-6.96,94,100,11.02,RU,1734485803
76,singkawang,0.9,109.0,27.99,80,76,0.21,ID,1734485807
77,lebu,-37.6167,-73.65,13.36,86,3,7.41,CL,1734485638
78,san jose del guaviare,2.5729,-72.6459,22.21,95,95,0.35,CO,1734485654
79,tocopilla,-22.092,-70.1979,19.66,76,87,3.9,CL,1734485811
80,noumea,-22.2763,166.4572,26.56,68,94,7.92,NC,1734485812
81,coari,-4.085,-63.1414,23.87,97,95,1.0,BR,1734485813
82,aasiaat,68.7098,-52.8699,-14.57,89,95,2.9,GL,1734485814
83,touros,-5.1989,-35.4608,26.2,81,100,4.82,BR,1734485815
84,whitehorse,60.7161,-135.0538,-18.57,77,20,5.66,CA,1734485817
85,ribeira grande,38.5167,-28.7,17.1,77,78,11.18,PT,1734485818
86,flying fish cove,-10.4217,105.6791,27.82,83,20,3.09,CX,1734485819
87,namibe,-15.1961,12.1522,21.68,75,100,3.35,AO,1734485820
88,altay,47.8667,88.1167,-15.15,68,0,3.17,CN,1734485822
89,mount pearl,47.5166,-52.7813,2.4,87,75,6.17,CA,1734485650
90,luderitz,-26.6481,15.1594,14.51,85,0,7.31,NA,1734485824
91,pimentel,-6.8367,-79.9342,21.16,78,0,7.2,PE,1734485825
92,west island,-12.1568,96.8225,28.99,79,5,3.6,CC,1734485827
93,edinburgh of the seven seas,-37.0676,-12.3116,17.16,96,92,12.78,SH,1734485828
94,klyuchi,52.2667,79.1667,-11.43,77,100,6.87,RU,1734485829
95,negresti-oas,47.8667,23.4333,3.55,95,99,1.02,RO,1734485830
96,grand baie,-20.0182,57.5802,25.25,77,71,2.24,MU,1734485832
97,klerksdorp,-26.8521,26.6667,19.59,76,82,5.57,ZA,1734485833
98,berezovyy,51.6667,135.7,-16.95,81,13,0.87,RU,1734485385
99,pemba,-12.974,40.5178,26.11,82,18,2.17,MZ,1734485835
100,oriximina,-1.7656,-55.8661,27.97,65,89,1.37,BR,1734485404
101,kodiak,57.79,-152.4072,4.73,93,75,4.63,US,1734485838
102,komsomol'skiy,43.9783,46.6985,4.95,68,100,2.9,RU,1734485839
103,massawa,15.6097,39.45,26.33,67,24,2.48,ER,1734485840
104,chenghua,23.4613,116.7701,15.97,59,0,2.0,CN,1734485841
105,cooma,-36.2333,149.1333,21.39,21,0,5.21,AU,1734485843
106,bredasdorp,-34.5322,20.0403,14.56,71,63,1.69,ZA,1734485844
107,shadrinsk,56.0852,63.6335,-8.15,94,100,5.95,RU,1734485846
108,afaahiti,-17.75,-149.2833,26.35,72,85,1.54,PF,1734485847
109,crane,31.3974,-102.3501,16.29,46,0,5.72,US,1734485849
110,bikenibeu village,1.3673,173.1241,31.98,66,20,5.66,KI,1734485850
111,washington,47.5001,-120.5015,-0.59,90,100,0.72,US,1734485637
112,freetown,8.484,-13.2299,25.29,69,56,0.5,SL,1734485852
113,tura,25.5198,90.2201,16.94,59,5,0.98,IN,1734485854
114,hermanus,-34.4187,19.2345,15.6,71,50,1.09,ZA,1734485855
115,chingirlau,51.095,54.0814,-1.8,93,100,6.22,KZ,1734485856
116,punta arenas,-53.15,-70.9167,9.06,61,20,9.26,CL,1734485696
117,sao joao da barra,-21.6403,-41.0511,23.1,89,100,2.47,BR,1734485859
118,pangai,-19.8,-174.35,29.06,65,40,4.12,TO,1734485860
119,vargashi,55.3556,65.8467,-9.63,94,100,5.84,RU,1734485861
120,tofol,5.3248,163.0078,28.41,77,100,6.74,FM,1734485863
121,takaungu,-3.6837,39.8566,24.44,89,11,1.6,KE,1734485865
122,yorosso,12.3536,-4.7761,19.28,14,100,3.85,ML,1734485866
123,ust-nera,64.5667,143.2,-30.02,97,100,0.5,RU,1734485867
124,beichengqu,40.4394,113.1536,-11.41,58,0,2.98,CN,1734485868
125,isiro,2.7739,27.616,19.53,76,61,0.72,CD,1734485870
126,aljezur,37.3191,-8.8033,13.51,94,100,4.56,PT,1734485871
127,santa ana,33.7456,-117.8678,19.91,59,20,1.54,US,1734485872
128,carnarvon,-24.8667,113.6333,27.54,62,9,8.41,AU,1734485718
129,port alfred,-33.5906,26.891,17.32,99,92,2.21,ZA,1734485875
130,saint-philippe,-21.3585,55.7679,24.63,78,46,4.32,RE,1734485876
131,chifeng,42.2683,118.9636,-7.27,33,0,3.75,CN,1734485877
132,ordynskoye,54.3656,81.8994,-14.49,85,100,3.58,RU,1734485878
133,palmer,42.1584,-72.3287,6.26,85,92,0.93,US,1734485879
134,al jawf,29.5,38.75,8.04,23,100,3.14,SA,1734485881
135,jeremie,18.65,-74.1167,24.97,83,16,0.61,HT,1734485884
136,port lincoln,-34.7333,135.8667,18.88,60,11,6.51,AU,1734485885
137,bathsheba,13.2167,-59.5167,27.34,83,75,5.66,BB,1734485886
138,ola,59.5833,151.2833,-11.27,78,100,5.9,RU,1734485337
139,hirara,24.8,125.2833,20.15,83,75,9.77,JP,1734485889
140,kabansk,52.0486,106.6528,-11.13,89,100,1.71,RU,1734485890
141,bloemhof,-27.6469,25.607,20.31,67,66,3.09,ZA,1734485891
142,umarkot,25.3616,69.7362,12.12,15,60,4.21,PK,1734485893
143,rio grande,-32.035,-52.0986,18.79,73,0,4.98,BR,1734485894
144,atafu village,-8.5421,-172.5159,26.54,84,100,7.36,TK,1734485895
145,college,64.8569,-147.8028,-16.42,78,75,0.0,US,1734485896
146,bovalino,38.149,16.174,11.83,82,0,4.58,IT,1734485898
147,mejit,10.2753,170.8646,27.34,81,12,10.73,MH,1734485899
148,sydney mines,46.2367,-60.2177,9.44,95,100,7.72,CA,1734485900
149,gebeit,21.0667,36.3167,16.0,88,27,2.43,SD,1734485901
150,dryden,49.7833,-92.7503,-10.84,79,100,6.17,CA,1734485903
151,port elizabeth,-33.918,25.5701,18.51,83,0,2.57,ZA,1734485905
152,itoman,26.1247,127.6694,19.01,63,75,7.2,JP,1734485906
153,qarazhal,48.0078,70.7903,-9.26,80,100,6.09,KZ,1734485907
154,katabu,-4.9333,122.5167,25.01,94,100,2.64,ID,1734485909
155,posto fiscal rolim de moura,-13.0833,-62.2667,23.52,97,100,1.01,BR,1734485911
156,codrington,-38.2667,141.9667,18.17,52,0,5.74,AU,1734485913
157,hadibu,12.65,54.0333,23.03,80,77,6.17,YE,1734485914
158,thompson,55.7435,-97.8558,-22.91,77,0,2.57,CA,1734485915
159,pisco,-13.7,-76.2167,19.03,82,0,7.2,PE,1734485916
160,cam ranh,11.9214,109.1591,26.98,65,40,5.66,VN,1734485918
161,raja,8.4596,25.678,22.66,36,32,1.9,SS,1734485919
162,chum phae,16.5443,102.0992,21.7,61,12,1.68,TH,1734485920
163,weno,7.4515,151.8468,27.97,83,100,3.6,FM,1734485921
164,lerwick,60.1545,-1.1494,8.62,95,100,12.39,GB,1734485923
165,north bend,43.4065,-124.2243,15.09,63,100,4.63,US,1734485924
166,yinchuan,38.4681,106.2731,-5.91,70,100,2.72,CN,1734485925
167,vila velha,-20.3297,-40.2925,23.97,95,100,4.02,BR,1734485817
168,manokwari,-0.8667,134.0833,29.44,70,38,3.96,ID,1734485927
169,baruun-urt,46.6806,113.2792,-15.86,89,83,3.35,MN,1734485929
170,sao jose da coroa grande,-8.8978,-35.1478,26.36,81,98,2.94,BR,1734485930
171,north battleford,52.7834,-108.2847,-24.95,77,0,1.54,CA,1734485931
172,beyneu,45.3167,55.2,-0.55,91,83,4.85,KZ,1734485932
173,reggane,26.7158,0.1714,11.39,47,0,6.95,DZ,1734485934
174,joshimath,30.5667,79.5667,2.47,15,0,4.69,IN,1734485935
175,alice springs,-23.7,133.8833,31.75,19,8,6.69,AU,1734485936
176,cheney,47.4874,-117.5758,2.19,99,100,3.6,US,1734485937
177,uturoa,-16.7333,-151.4333,27.43,69,100,2.2,PF,1734485939
178,banfora,10.6333,-4.7667,21.03,17,35,2.47,BF,1734485940
179,itaituba,-4.2761,-55.9836,24.09,94,75,1.54,BR,1734485941
180,chonchi,-42.6128,-73.8092,15.07,89,100,0.94,CL,1734485942
181,sao vicente,-23.9631,-46.3919,22.77,26,33,0.23,BR,1734485655
182,nuuk,64.1835,-51.7216,-3.66,68,100,19.55,GL,1734485945
183,kupang,-10.1667,123.5833,29.32,89,75,3.6,ID,1734485829
184,hakodate,41.7758,140.7367,-2.83,59,20,3.09,JP,1734485947
185,am timan,11.0297,20.2827,21.28,20,47,2.97,TD,1734485948
186,qarauyl,48.9451,79.255,-14.12,66,85,3.47,KZ,1734485950
187,northam,51.0333,-4.2167,13.52,86,100,12.64,GB,1734485951
188,fada,7.25,4.0667,20.43,55,0,1.36,NG,1734485952
189,udangudi,8.4333,78.0167,26.16,77,100,0.97,IN,1734485953
190,impfondo,1.6381,18.0667,22.76,78,100,0.97,CG,1734485954
191,queenstown,-31.8976,26.8753,13.97,83,94,1.34,ZA,1734485956
192,brainerd,46.358,-94.2008,-3.99,79,100,3.09,US,1734485938
193,alotau,-10.3069,150.4462,31.18,61,100,4.0,PG,1734485958
194,salahonda,2.1019,-78.7217,26.12,86,88,5.34,CO,1734485959
195,goundam,16.4145,-3.6708,18.34,16,69,4.17,ML,1734485961
196,east london,-33.0153,27.9116,18.88,90,99,2.49,ZA,1734485962
197,hithadhoo,-0.6,73.0833,27.48,80,63,6.29,MV,1734485963
198,dunedin,-45.8742,170.5036,15.32,65,100,8.17,NZ,1734485964
199,margaret river,-33.95,115.0667,22.47,59,0,6.84,AU,1734485967
200,taltal,-25.4,-70.4833,18.3,77,9,1.08,CL,1734485968
201,rexburg,43.826,-111.7897,-1.01,100,100,1.54,US,1734485969
202,coahuayana de hidalgo,18.7,-103.6583,23.85,88,79,0.71,MX,1734485970
203,argayash,55.4888,60.8767,-6.54,92,100,6.02,RU,1734485971
204,naze,28.3667,129.4833,15.51,53,43,4.43,JP,1734485973
205,lewistown,40.5992,-77.5714,5.67,65,0,2.06,US,1734485974
206,mananjary,-21.2167,48.3333,23.57,87,100,2.97,MG,1734485975
207,camiri,-20.05,-63.5167,24.25,66,100,3.66,BO,1734485976
208,greenville,35.6127,-77.3663,15.07,96,100,0.0,US,1734485733
209,big rapids,43.6981,-85.4837,0.18,80,100,1.54,US,1734485979
210,badger,64.8,-147.5333,-16.47,77,75,0.0,US,1734485980
211,llanes,43.4198,-4.7549,14.74,67,63,3.21,ES,1734485982
212,mammoth lakes,37.6485,-118.9721,1.25,56,0,3.09,US,1734485983
213,taghazout,30.5426,-9.7112,17.61,63,0,4.24,MA,1734485984
214,sitka,57.0531,-135.33,2.94,65,40,2.57,US,1734485985
215,lihue,21.9789,-159.3672,27.63,74,0,6.69,US,1734485987
216,hasaki,35.7333,140.8333,10.16,52,1,4.96,JP,1734485988
217,tidjikja,18.5564,-11.4271,17.44,30,99,8.51,MR,1734485989
218,kiunga,-6.1219,141.2906,26.04,83,100,1.31,PG,1734485990
219,la ronge,55.1001,-105.2842,-22.86,70,0,6.17,CA,1734485992
220,la'ie,21.6477,-157.9253,28.36,71,0,0.45,US,1734485993
221,eyl,7.9803,49.8164,22.45,68,11,9.11,SO,1734485994
222,trondheim,63.4305,10.3951,1.11,86,100,0.45,NO,1734485187
223,nikolayevsk-on-amure,53.1406,140.73,-16.76,84,100,3.21,RU,1734485996
224,chom thong,18.4174,98.6743,22.74,81,17,0.84,TH,1734485998
225,fortuna,40.5982,-124.1573,14.4,77,0,6.17,US,1734485708
226,keflavik,64.0049,-22.5624,-1.76,100,75,4.63,IS,1734486000
227,omaruru,-21.4333,15.9333,19.1,33,100,0.52,NA,1734486002
228,port moresby,-9.4431,147.1797,29.68,74,40,5.14,PG,1734486001
229,udachny,66.4167,112.4,-32.74,95,10,2.36,RU,1734486004
230,nemuro,43.3236,145.575,-2.84,53,8,8.22,JP,1734486005
231,sao tome,0.3365,6.7273,26.72,79,97,1.45,ST,1734485988
232,trairi,-3.2778,-39.2689,26.47,80,82,5.19,BR,1734485888
233,laguna,38.421,-121.4238,12.25,88,0,2.57,US,1734486009
234,georgetown,5.4112,100.3354,27.96,73,20,2.57,MY,1734485788
235,san pedro pochutla,15.7333,-96.4667,26.84,80,41,1.8,MX,1734486012
236,mamuju,-2.6748,118.8885,30.53,63,60,1.44,ID,1734486013
237,longyearbyen,78.2186,15.6401,-11.09,73,20,4.12,SJ,1734486014
238,chui,-33.6971,-53.4616,15.8,89,0,2.89,UY,1734486015
239,qamdo,31.1667,97.2333,-2.07,40,0,2.6,CN,1734486017
240,zalishchyky,48.6447,25.7339,6.64,83,100,8.82,UA,1734486018
241,jamestown,42.097,-79.2353,2.79,87,100,3.09,US,1734486019
242,inirida,3.8653,-67.9239,24.72,88,70,0.81,CO,1734486020
243,walvis bay,-22.9575,14.5053,13.35,90,0,2.66,NA,1734486022
244,solleftea,63.1667,17.2667,-15.08,97,100,0.77,SE,1734486023
245,corner brook,48.9667,-57.9484,7.12,91,100,5.61,CA,1734486024
246,porto belo,-27.1578,-48.5531,22.27,86,19,2.78,BR,1734486025
247,maun,-19.9833,23.4167,21.25,83,100,0.74,BW,1734486027
248,remire-montjoly,4.9167,-52.2667,23.02,100,100,0.0,GF,1734486028
249,akhtubinsk,48.2795,46.1722,1.77,95,100,9.12,RU,1734486029
250,vadso,70.0744,29.7487,-13.91,78,100,5.66,NO,1734486030
251,san isidro,-12.1167,-77.05,22.23,78,0,6.17,PE,1734485784
252,nouadhibou,20.931,-17.0347,20.99,30,100,9.77,MR,1734486033
253,boa vista,2.8197,-60.6733,26.99,78,20,0.51,BR,1734485825
254,hammerfest,70.6634,23.6821,-8.75,73,84,1.54,NO,1734486035
255,wotho,10.1657,166.0102,27.29,82,100,11.96,MH,1734486037
256,steamboat springs,40.485,-106.8317,-0.69,99,100,1.54,US,1734486038
257,gadzhiyevo,69.2551,33.3362,-15.81,88,100,2.39,RU,1734486039
258,usinsk,65.9939,57.5281,-28.59,100,25,2.51,RU,1734485884
259,knyaze-volkonskoye,48.4642,135.4567,-20.81,87,22,3.38,RU,1734486042
260,kita,13.0349,-9.4895,19.52,16,90,2.04,ML,1734486043
261,turinsk,58.0458,63.696,-8.98,94,100,4.86,RU,1734486044
262,the dalles,45.5946,-121.1787,4.74,98,100,2.57,US,1734486045
263,hauterive,46.0901,3.4459,5.86,70,66,2.38,FR,1734486047
264,karamay,45.6004,84.8661,-12.75,87,27,1.59,CN,1734486048
265,itanhaem,-24.1831,-46.7889,21.23,87,40,0.22,BR,1734486049
266,madang,-5.2246,145.7966,24.35,95,100,3.55,PG,1734486050
267,huanren,41.2647,125.3667,-10.71,57,5,2.69,CN,1734486052
268,tosontsengel,48.7567,98.2839,-19.59,97,100,1.07,MN,1734486053
269,cabo san lucas,22.8909,-109.9124,22.17,70,0,2.06,MX,1734486054
270,phulbani,20.4667,84.2333,16.56,60,83,0.36,IN,1734486055
271,aleksandrovsk-sakhalinskiy,50.8975,142.1561,-10.67,81,100,5.3,RU,1734486057
272,antsiranana,-12.2787,49.2917,24.05,82,95,5.47,MG,1734486058
273,chefchaouene,35.1688,-5.2636,13.66,50,27,0.14,MA,1734486059
274,can giuoc,10.6167,106.6667,26.16,68,33,1.64,VN,1734486060
275,polyarnyy,69.1989,33.4478,-15.63,87,100,2.26,RU,1734486061
276,matoury,4.8483,-52.3317,22.98,100,100,0.0,GF,1734486063
277,korhogo,9.45,-5.6333,19.04,18,0,2.21,CI,1734486065
278,morehead city,34.7229,-76.726,17.24,94,72,0.89,US,1734485803
279,wagar,16.1525,36.2032,21.51,82,29,4.81,SD,1734486068
280,mitsamiouli,-11.3847,43.2844,26.88,78,81,4.05,KM,1734486069
281,deshnoke,27.8,73.35,9.79,18,6,3.43,IN,1734486070
282,cornwall,45.0181,-74.7281,4.06,81,100,5.66,CA,1734486071
283,kruisfontein,-34.0033,24.7314,13.48,87,0,2.5,ZA,1734486074
284,ciudad lazaro cardenas,17.9583,-102.2,25.82,82,24,1.81,MX,1734486075
285,xianshuigu,38.985,117.3828,-3.0,39,0,4.0,CN,1734486076
286,armacao de buzios,-22.7469,-41.8817,22.61,89,74,3.54,BR,1734485890
287,saipan,15.1355,145.701,31.39,83,40,8.75,MP,1734486079
288,murici,-9.3067,-35.9433,25.16,90,6,1.42,BR,1734486080
289,holualoa,19.6228,-155.9522,26.02,70,0,5.66,US,1734485996
290,igarka,67.4667,86.5833,-7.15,94,100,9.84,RU,1734486083
291,nazilli,37.9163,28.3223,7.41,56,0,1.17,TR,1734486084
292,mogocha,53.7333,119.7667,-15.54,82,100,0.83,RU,1734486085
293,kralendijk,12.15,-68.2667,28.99,79,75,6.69,BQ,1734486086
294,zabol,32.25,67.25,1.04,51,100,2.6,AF,1734486087
295,merizo village,13.2658,144.6691,27.31,92,53,8.93,GU,1734486089
296,filadelfia,39.9523,-75.1638,10.01,84,0,2.57,US,1734486047
297,manakara,-22.1333,48.0167,22.58,92,40,2.81,MG,1734486091
298,nantucket,41.2835,-70.0995,8.41,93,20,5.14,US,1734485875
299,kingston,17.997,-76.7936,27.53,69,20,1.03,JM,1734486026
300,beledweyne,4.7358,45.2036,22.75,69,13,7.35,SO,1734486096
301,hamilton,39.1834,-84.5333,6.47,75,0,1.34,US,1734485991
302,coquimbo,-29.9533,-71.3436,14.85,84,0,3.09,CL,1734486085
303,meadow lake,34.8014,-106.5436,10.38,21,81,3.07,US,1734486100
304,puerto baquerizo moreno,-0.9,-89.6,22.61,85,40,3.6,EC,1734486103
305,kerikeri,-35.2268,173.9474,24.95,50,2,1.34,NZ,1734486104
306,cururupu,-1.8283,-44.8683,26.0,82,63,2.03,BR,1734486105
307,kone,-21.0595,164.8658,30.59,62,100,1.38,NC,1734486107
308,aldinga beach,-35.2793,138.4604,23.69,38,0,5.35,AU,1734486108
309,kavaratti,10.5669,72.642,26.46,69,100,1.73,IN,1734486110
310,maxixe,-23.8597,35.3472,24.94,94,100,2.52,MZ,1734486111
311,teguise,29.0605,-13.564,19.12,49,55,6.69,ES,1734486112
312,tazacorte,28.629,-17.9293,20.54,54,0,1.54,ES,1734486113
313,puerto cabezas,14.0351,-83.3888,23.61,94,1,2.6,NI,1734486115
314,cuito,-12.3833,16.9333,15.5,95,100,1.21,AO,1734486116
315,bolhrad,45.6826,28.6149,7.5,67,52,5.83,UA,1734486118
316,gereida,11.2811,25.1414,20.57,30,100,4.4,SD,1734486119
317,al kharijah,25.4514,30.5464,12.9,70,76,4.21,EG,1734486121
318,jiuquan,39.7432,98.5174,-8.66,51,62,1.26,CN,1734486122
319,hollidaysburg,40.4273,-78.3889,3.38,75,13,2.05,US,1734485960
320,port-vila,-17.7338,168.3219,28.53,67,85,2.17,VU,1734486125
321,berdigestyakh,62.0989,126.6992,-20.88,92,100,4.66,RU,1734486127
322,yerofey pavlovich,53.9667,121.9667,-14.31,82,100,1.01,RU,1734486128
323,uglegorsk,49.0833,142.0333,-5.45,70,100,8.56,RU,1734486129
324,el fuerte,26.4189,-108.6194,20.53,42,20,2.04,MX,1734486130
325,alaghsas,17.0187,8.0168,15.51,23,4,3.3,NE,1734486132
326,shamva,-17.3116,31.5756,20.46,92,100,1.05,ZW,1734486133
327,labrador city,52.9463,-66.9114,-0.46,86,100,5.81,CA,1734486134
328,akhalk'alak'i,41.4051,43.4863,-8.32,89,86,2.21,GE,1734486137
329,progreso,21.2833,-89.6667,24.01,89,4,5.38,MX,1734486138
330,sao gabriel da cachoeira,-0.1303,-67.0892,23.04,100,100,0.3,BR,1734486140
331,noosa heads,-26.3833,153.15,27.03,78,66,3.23,AU,1734486141
332,viedma,-40.8135,-62.9967,20.55,50,57,5.6,AR,1734485901
333,marka,1.7159,44.7717,24.58,87,85,5.92,SO,1734486143
334,shahecheng,36.9383,114.5058,-0.12,35,0,0.42,CN,1734486145
335,ha'il,27.5219,41.6907,4.01,38,0,1.03,SA,1734486146
336,susuman,62.7833,148.1667,-20.06,97,100,1.48,RU,1734486147
337,calvinia,-31.4707,19.776,12.34,63,0,1.58,ZA,1734486148
338,assare,-6.8744,-39.875,26.38,46,86,2.41,BR,1734486150
339,karratha,-20.7377,116.8463,34.39,50,55,4.5,AU,1734486151
340,fenghua,29.6563,121.4064,7.94,66,96,4.0,CN,1734486152
341,monki,53.405,22.7979,2.86,83,68,4.82,PL,1734485894
342,bodaybo,57.8506,114.1933,-26.23,100,100,0.71,RU,1734486155
343,khandyga,62.6667,135.6,-33.54,98,99,0.31,RU,1734486156
344,san antonio de pale,-1.4014,5.6325,26.6,81,78,2.52,GQ,1734486157
345,enewetak,11.3474,162.3373,27.36,79,66,11.69,MH,1734486159
346,rongelap,11.1635,166.8941,27.37,76,80,12.13,MH,1734486160
347,kerouane,9.2667,-9.0167,18.01,23,53,1.06,GN,1734486161
348,bunia,1.5667,30.25,17.59,65,63,0.96,CD,1734486162
349,nadi,-17.8,177.4167,30.0,62,40,5.14,FJ,1734486164
350,longido,-2.7333,36.6833,18.58,80,81,3.05,TZ,1734486165
351,brumunddal,60.881,10.9395,-4.41,85,100,0.98,NO,1734486166
352,dashiqiao,40.6373,122.5025,-7.8,42,0,4.31,CN,1734486167
353,howard springs,-12.497,131.047,32.68,87,100,3.48,AU,1734486169
354,nuku'alofa,-21.1333,-175.2,31.19,66,40,8.23,TO,1734485929
355,mount isa,-20.7333,139.5,38.87,25,8,7.2,AU,1734486174
356,bardai,11.65,7.2333,13.52,20,88,4.57,NG,1734486175
357,ballina,-28.8667,153.5667,23.55,87,99,10.9,AU,1734486177
358,jalapa,19.5333,-96.9167,13.42,91,97,1.63,MX,1734486038
359,vogosca,43.9019,18.3481,-2.07,100,100,0.51,BA,1734486180
360,montepuez,-13.1256,38.9997,21.98,87,99,2.62,MZ,1734486144
361,koppies,-27.2418,27.5742,17.2,87,96,4.2,ZA,1734486182
362,ciudad acuna,29.3232,-100.9522,23.16,72,0,2.57,MX,1734486096
363,nchelenge,-9.3451,28.734,19.99,94,100,3.32,ZM,1734486185
364,sorong,-0.8833,131.25,28.78,74,50,2.66,ID,1734486186
365,mikhaylovskoye,51.8239,79.7172,-11.18,73,100,6.56,RU,1734486187
366,manggar,-2.8833,108.2667,29.37,70,82,3.06,ID,1734486189
367,pavlodar,52.3,76.95,-14.11,66,0,7.0,KZ,1734486190
368,el quebrachal,-25.2833,-64.0667,27.52,45,62,3.19,AR,1734486191
369,kindia,10.0569,-12.8658,19.4,25,38,0.77,GN,1734486193
370,manismata,-2.4667,111.0333,29.01,73,99,1.9,ID,1734486194
371,ratnagiri,16.9833,73.3,20.17,38,67,2.31,IN,1734486195
372,olonkinbyen,70.9221,-8.7187,-2.33,86,100,9.15,SJ,1734486196
373,troitsko-pechorsk,62.7084,56.1964,-17.02,100,100,2.09,RU,1734486198
374,keetmanshoop,-26.5833,18.1333,19.96,22,1,1.61,NA,1734486199
375,borogontsy,62.6683,131.1683,-29.16,98,100,0.63,RU,1734486200
376,port mathurin,-19.6833,63.4167,25.41,72,72,9.04,MU,1734486202
377,cochrane,51.1834,-114.4687,-15.28,72,100,5.14,CA,1734485794
378,vila franca do campo,37.7167,-25.4333,18.27,99,100,9.3,PT,1734486206
379,egilsstadir,65.2653,-14.3948,-9.05,86,75,1.54,IS,1734486207
380,cabedelo,-6.9811,-34.8339,27.37,80,99,3.34,BR,1734486208
381,luang namtha,20.9497,101.4011,16.01,100,100,0.0,LA,1734486211
382,twon-brass,4.3151,6.2418,27.46,79,68,3.41,NG,1734486212
383,homer,59.6425,-151.5483,4.89,75,0,1.54,US,1734486214
384,markovo,57.3206,107.0881,-25.75,100,100,0.8,RU,1734486215
385,popilnia,49.9665,29.4435,1.95,83,5,8.0,UA,1734486216
386,acarau,-2.8856,-40.12,26.69,81,30,7.35,BR,1734486178
387,oqtosh,39.9214,65.9253,-0.86,82,100,1.36,UZ,1734486219
388,papao,-17.75,-149.55,29.82,72,30,1.91,PF,1734486220
389,tual,-5.6667,132.75,28.72,82,100,7.63,ID,1734486221
390,afif,23.9065,42.9172,12.37,29,30,3.31,SA,1734486223
391,hilo,19.7297,-155.09,27.83,85,75,5.66,US,1734486224
392,lata,40.1629,-8.3327,9.15,76,33,2.19,PT,1734486225
393,bel ombre,-4.6167,55.4167,26.54,78,59,4.12,SC,1734486227
394,vozhega,60.4725,40.2213,-12.06,94,99,3.43,RU,1734486228
395,paracuru,-3.41,-39.0306,26.71,80,90,5.83,BR,1734486229
396,acapulco de juarez,16.8634,-99.8901,27.9,78,40,2.06,MX,1734485979
397,constantia,44.1833,28.65,3.38,79,0,5.15,RO,1734486232
398,mahenge,-8.6833,36.7167,17.2,97,79,0.91,TZ,1734486233
399,sheringham,52.9408,1.2093,9.55,83,100,11.77,GB,1734486234
400,tabuk,17.4189,121.4443,22.53,88,96,3.28,PH,1734486235
401,swakopmund,-22.6833,14.5333,15.55,83,2,0.89,NA,1734486237
402,jucas,-6.5253,-39.5275,27.96,59,98,4.42,BR,1734486238
403,sokolac,43.9397,18.8017,1.69,95,0,1.62,BA,1734486240
404,kenai,60.5544,-151.2583,-0.48,80,100,8.23,US,1734485994
405,severo-yeniseyskiy,60.3725,93.0408,-16.75,86,100,2.81,RU,1734486242
406,kasongo-lunda,-6.4667,16.8167,20.77,98,100,0.23,CD,1734486243
407,lesogorsk,56.0458,99.5136,-25.9,100,100,0.89,RU,1734486245
408,songea,-10.6833,35.65,17.11,97,100,1.57,TZ,1734486246
409,colon,9.3592,-79.9014,24.97,75,13,3.58,PA,1734486250
410,goondiwindi,-28.55,150.3167,33.41,39,100,3.51,AU,1734486252
411,prince rupert,54.3161,-130.3201,5.83,68,100,9.26,CA,1734486254
412,mossel bay,-34.1831,22.146,17.96,68,72,2.74,ZA,1734486255
413,zavitinsk,50.1167,129.45,-23.05,94,51,1.72,RU,1734486256
414,choyr,46.3611,108.3611,-13.72,93,100,2.68,MN,1734486258
415,diourbel,14.6628,-16.3925,23.23,13,100,5.86,SN,1734486259
416,sur,22.5667,59.5289,19.63,63,2,0.43,OM,1734486260
417,fuglafjordur,62.244,-6.814,6.02,96,100,4.96,FO,1734486261
418,tromso,69.6496,18.957,-10.99,85,92,1.54,NO,1734486263
419,karhula,60.5216,26.9313,-13.73,98,83,4.36,FI,1734486264
420,tangalle,6.024,80.7911,24.78,90,64,0.87,LK,1734486265
421,turochak,52.2576,87.1224,-21.82,98,34,1.68,RU,1734486266
422,vilyuysk,63.7553,121.6247,-25.49,95,15,3.39,RU,1734486268
423,ankazobe,-18.3167,47.1167,16.84,84,77,1.64,MG,1734486269
424,paradip garh,20.3167,86.6167,20.55,50,100,3.71,IN,1734486270
425,cill airne,52.05,-9.5167,12.89,92,100,4.85,IE,1734486271
426,vallenar,-28.5708,-70.7581,18.11,53,0,1.65,CL,1734486273
427,seguela,7.9611,-6.6731,20.05,19,0,1.68,CI,1734486274
428,bubaque,11.2833,-15.8333,26.13,70,41,3.36,GW,1734486276
429,port shepstone,-30.7414,30.455,20.91,91,100,1.77,ZA,1734486277
430,pacific grove,36.6177,-121.9166,14.65,90,0,1.34,US,1734486278
431,christchurch,-43.5333,172.6333,18.28,46,3,10.29,NZ,1734486045
432,zouerate,22.7187,-12.4521,14.48,23,100,8.2,MR,1734486281
433,ulladulla,-35.35,150.4667,20.05,48,3,6.81,AU,1734486282
434,hotan,37.0997,79.9269,-8.85,68,1,0.82,CN,1734486283
435,brookings,44.3114,-96.7984,-4.97,96,100,2.06,US,1734486230
436,san pedro,14.35,121.0167,27.95,83,75,4.92,PH,1734486286
437,inyonga,-6.7167,32.0667,17.29,97,79,1.91,TZ,1734486287
438,whakatane,-37.9585,176.9854,18.96,63,100,6.1,NZ,1734486289
439,suratgarh,29.3167,73.9,9.08,18,2,2.45,IN,1734486042
440,marsa alam,25.0757,34.8918,18.28,65,99,5.35,EG,1734486291
441,sterling,39.0062,-77.4286,9.68,76,0,2.06,US,1734486217
442,glace bay,46.1969,-59.957,9.32,97,100,7.72,CA,1734486294
443,haisyn,48.8114,29.3898,3.1,83,6,7.04,UA,1734486079
444,carroll,39.5501,-77.0164,8.73,65,0,0.89,US,1734486296
445,taroa,8.7058,171.2275,27.43,81,34,11.21,MH,1734486298
446,bodo,67.28,14.405,-2.9,93,0,3.6,NO,1734486299
447,laurel,39.0993,-76.8483,10.05,83,100,2.06,US,1734486254
448,jiangyou,31.7667,104.7167,7.65,69,100,1.05,CN,1734486301
449,owensboro,37.7742,-87.1133,8.01,65,40,2.06,US,1734486302
450,san juan,-31.5375,-68.5364,23.44,64,6,6.16,AR,1734486057
451,argo,37.6333,22.7333,10.47,58,0,1.69,GR,1734486306
452,tanaina,61.6269,-149.4281,-2.55,63,75,7.2,US,1734486307
453,fastovetskaya,45.9189,40.1589,5.58,81,86,8.26,RU,1734486308
454,bouafle,6.9904,-5.7442,20.27,31,0,1.03,CI,1734486310
455,broome,42.2506,-75.833,3.7,81,0,2.57,US,1734486311
456,yeppoon,-23.1333,150.7333,28.22,70,10,4.72,AU,1734486312
457,tazovsky,67.4667,78.7,-8.99,94,100,5.41,RU,1734486313
458,mana,5.6592,-53.7767,25.02,91,98,3.9,GF,1734486315
459,salekhard,66.53,66.6019,-27.91,98,23,1.78,RU,1734486316
460,olonets,60.9847,32.9698,-16.9,99,85,2.03,RU,1734486317
461,soata,6.3337,-72.6828,8.92,88,100,3.37,CO,1734486319
462,pahrump,36.2083,-115.9839,13.58,20,98,0.45,US,1734486321
463,saldanha,-33.0117,17.9442,16.35,77,7,7.01,ZA,1734486322
464,candolim,15.5181,73.7626,21.0,60,42,1.03,IN,1734486324
465,i-n-salah,27.1935,2.4607,10.37,57,0,6.46,DZ,1734486325
466,igoumenitsa,39.5039,20.2656,9.65,72,1,2.43,GR,1734486326
467,ta`u,-14.2336,-169.5144,28.24,78,100,7.32,AS,1734486329
468,frenda,35.0654,1.0495,5.2,34,36,3.2,DZ,1734486330
469,sovetskaya gavan',48.9723,140.2878,-10.75,62,100,4.94,RU,1734486331
470,pacol,10.45,122.8167,28.0,74,73,4.67,PH,1734486333
471,palmeira,-25.4294,-50.0064,15.07,96,32,3.75,BR,1734486334
472,kulhudhuffushi,6.6221,73.07,27.33,77,12,2.28,MV,1734486335
473,selfoss,63.9331,-20.9971,-1.09,94,76,2.39,IS,1734486337
474,faya-largeau,17.9257,19.1043,16.8,27,97,8.04,TD,1734486338
475,dhaunkal,32.4062,74.1369,6.01,26,97,1.37,PK,1734486339
476,margate,51.3813,1.3862,10.39,82,100,1.34,GB,1734486340
477,sinabang,2.4803,96.3801,27.23,82,76,1.65,ID,1734486342
478,portland,45.5234,-122.6762,13.03,94,100,8.49,US,1734486309
479,nurota,40.5614,65.6886,1.57,63,100,5.1,UZ,1734486344
480,kharp,66.8014,65.8081,-21.29,93,23,3.38,RU,1734486346
481,belaya kholunitsa,58.84,50.8528,-5.04,95,100,4.05,RU,1734486347
482,rumoi,43.9344,141.6428,-2.17,71,100,7.22,JP,1734486348
483,coxen hole,16.3244,-86.5366,24.6,83,75,1.03,HN,1734486351
484,bom sucesso,-21.0331,-44.7581,18.98,87,5,0.53,BR,1734486352
485,kelso,46.1468,-122.9084,12.28,97,100,7.15,US,1734486354
486,tome acu,-2.4189,-48.1522,23.89,91,11,1.06,BR,1734486355
487,longboat key,27.4125,-82.659,23.33,70,0,0.89,US,1734486356
488,santiago de cao,-7.9589,-79.2392,18.07,88,40,4.12,PE,1734486357
489,somerset east,-32.7217,25.588,13.93,87,100,2.32,ZA,1734486359
490,trenggalek,-8.05,111.7167,29.4,71,34,2.04,ID,1734486360
491,augustow,53.8432,22.9798,2.28,92,94,4.38,PL,1734486361
492,soltvadkert,46.5789,19.3939,4.18,91,4,3.04,HU,1734486363
493,persembe,41.0656,37.7714,14.68,70,61,2.85,TR,1734486364
494,puerto carreno,6.189,-67.4859,28.99,74,0,1.34,CO,1734486365
495,sisimiut,66.9395,-53.6735,-7.49,82,100,7.11,GL,1734486366
496,juneau,58.3019,-134.4197,-6.61,100,81,4.41,US,1734486368
497,gobabis,-22.45,18.9667,22.76,20,100,7.22,NA,1734486369
498,dhulikhel,27.6189,85.5529,4.75,63,0,0.69,NP,1734486370
499,kamen'-na-obi,53.7884,81.3423,-17.06,90,100,3.35,RU,1734486372
500,laojunmiao,39.8333,97.7333,-11.69,64,100,0.79,CN,1734486373
501,xiaoweizhai,26.1903,107.5125,9.08,58,81,2.77,CN,1734486374
502,mhamid,29.82,-5.72,8.18,37,6,3.14,MA,1734486375
503,puerto deseado,-47.7503,-65.8938,17.73,52,100,7.5,AR,1734486377
504,plesetsk,62.708,40.2916,-15.83,96,100,2.49,RU,1734486378
505,bonthe,7.5264,-12.505,25.5,80,89,1.48,SL,1734486379
506,tommot,58.9564,126.2925,-17.0,92,100,4.93,RU,1734486380
507,puerto san jose,13.9256,-90.8244,25.08,83,0,3.78,GT,1734486383
508,live oak,36.9836,-121.9805,13.99,88,28,1.34,US,1734486362
509,cidade velha,14.9167,-23.6167,24.26,78,88,6.17,CV,1734486386
510,inhambane,-23.865,35.3833,25.45,93,100,2.81,MZ,1734486387
511,bacalar,18.6667,-88.3833,22.45,91,3,1.6,MX,1734486388
512,uporovo,56.3109,66.2693,-9.7,93,100,5.29,RU,1734486390
513,turkmenbasy,40.0222,52.9552,6.43,93,0,6.17,TM,1734486391
514,loreto,22.2667,-101.9667,12.62,54,3,5.51,MX,1734486392
515,lompoc,34.6391,-120.4579,20.4,53,20,8.23,US,1734486393
516,sundsvall,62.3913,17.3063,-9.02,100,0,2.06,SE,1734486395
517,tralee,52.2704,-9.7026,12.84,92,100,6.12,IE,1734486396
518,melfort,52.8667,-104.6177,-24.93,77,8,3.6,CA,1734486397
519,umba,66.6871,34.3429,-9.81,90,100,2.85,RU,1734486398
520,tubarjal,30.4999,38.216,7.21,30,25,3.47,SA,1734486400
521,beaufort,5.3473,115.7455,25.21,96,100,0.98,MY,1734486401
522,tres palos,18.1833,-101.6167,21.37,98,41,1.45,MX,1734486402
523,lodja,-3.4833,23.4333,19.87,99,98,0.63,CD,1734486404
524,kuala terengganu,5.3302,103.1408,27.97,78,40,4.12,MY,1734486405
525,aykhal,66.0,111.5,-30.04,99,9,2.72,RU,1734486406
526,natal,-5.795,-35.2094,27.12,78,20,4.12,BR,1734486407
527,new glasgow,45.5834,-62.6486,8.88,86,100,5.09,CA,1734486147
528,ujae,8.9322,165.7642,27.79,82,100,11.64,MH,1734486410
529,letlhakeng,-24.0944,25.0298,23.44,63,100,5.7,BW,1734486411
530,port erin,54.0849,-4.751,12.93,94,75,13.89,IM,1734486412
531,tchollire,8.4022,14.1698,18.44,21,98,0.24,CM,1734486414
532,rock springs,41.5875,-109.2029,-0.99,77,0,6.71,US,1734486228
533,san andres,12.5847,-81.7006,28.01,83,20,5.14,CO,1734486168
534,tete,-16.1564,33.5867,27.05,94,20,2.24,MZ,1734486418
535,kangding,30.0513,101.9603,2.36,34,0,1.75,CN,1734486421
536,aripuana,-9.1667,-60.6333,23.32,96,100,0.51,BR,1734486422
537,alesund,62.4723,6.1549,5.08,81,100,8.23,NO,1734486423
538,antigonish,45.6169,-61.9986,9.45,96,99,1.79,CA,1734486425
539,west fargo,46.875,-96.9004,-4.0,80,100,3.6,US,1734486210
540,mugia,43.1041,-9.2179,14.6,90,100,12.84,ES,1734486427
541,ebon,4.582,168.6964,27.9,80,100,7.6,MH,1734486428
542,chibougamau,49.9168,-74.3659,-0.21,93,100,6.69,CA,1734486430
543,floro,61.5996,5.0328,4.98,87,100,8.23,NO,1734486431
544,naha,26.2125,127.6811,19.95,64,75,7.72,JP,1734486432
545,letlhakane,-21.4167,25.5833,25.65,57,98,3.25,BW,1734486433
546,cannonvale,-20.2833,148.7,27.66,70,52,3.61,AU,1734486435
547,young,-32.6833,-57.6333,19.12,58,0,5.14,UY,1734486436
548,kilindoni,-7.9139,39.6668,26.9,74,63,1.58,TZ,1734486437
549,kapa'a,22.0752,-159.319,28.6,70,0,6.69,US,1734486438
550,pampa del indio,-26.0647,-59.919,20.92,62,0,2.57,AR,1734486439
551,fortaleza,-3.7227,-38.5247,28.07,78,20,5.14,BR,1734486441
552,okhotsk,59.3833,143.3,-19.45,80,100,8.21,RU,1734486442
553,suva,-18.1416,178.4415,28.71,74,75,2.06,FJ,1734486398
554,feijo,-8.1642,-70.3536,22.54,98,100,0.64,BR,1734486445
555,aron,24.3833,77.4167,11.54,30,1,2.54,IN,1734486446
556,yatou,37.15,122.3833,-0.64,49,76,8.74,CN,1734486448
557,honiara,-9.4333,159.95,29.96,79,100,1.61,SB,1734486452
558,masterton,-40.9597,175.6575,13.14,83,100,3.96,NZ,1734486453
559,brockport,43.2137,-77.9392,4.47,80,100,0.89,US,1734486454
560,xiva,41.3783,60.3639,0.4,93,22,3.78,UZ,1734486455
561,carbonear,47.7332,-53.2148,2.97,88,100,7.45,CA,1734486457
562,zaozersk,69.4005,32.4476,-17.94,87,100,2.67,RU,1734486459
563,qacha's nek,-30.1154,28.6894,12.25,77,100,1.62,LS,1734486460
564,san julian,21.0167,-102.1667,14.34,34,3,1.31,MX,1734486461
565,zhangjiakou,40.81,114.8794,-8.73,46,0,3.7,CN,1734486462
566,kirksville,40.1948,-92.5833,5.03,70,100,4.12,US,1734485940
567,mil'kovo,55.6078,37.7956,-7.43,63,100,6.63,RU,1734486465
568,geraldton,-28.7667,114.6,27.23,57,0,8.75,AU,1734486467
569,san salvador de jujuy,-24.1946,-65.2971,22.74,68,90,1.48,AR,1734485696
570,katsuura,35.1333,140.3,11.8,54,28,4.05,JP,1734486470
571,amursk,50.2261,136.8994,-22.49,88,100,5.94,RU,1734486472
572,zaragoza,41.6561,-0.8773,4.25,93,0,1.03,ES,1734486474
573,urangan,-25.3,152.9,28.24,68,47,0.87,AU,1734486475
574,saint-louis,16.3333,-15.0,22.6,14,100,6.71,SN,1734486476
575,kourou,5.1552,-52.6478,24.28,95,100,2.26,GF,1734486478
576,naliya,23.2667,68.8333,14.91,36,1,4.78,IN,1734486479
577,fort-shevchenko,44.5086,50.263,6.84,87,100,11.23,KZ,1734486480
578,salalah,17.0151,54.0924,20.05,13,0,6.69,OM,1734486482
579,haining,30.5363,120.6864,8.42,57,52,4.92,CN,1734486483
580,vila do maio,15.1333,-23.2167,24.6,74,100,6.36,CV,1734486484
581,ndele,8.4109,20.6473,21.83,29,100,2.05,CF,1734486486
582,port douglas,-16.4833,145.4667,30.33,64,65,3.86,AU,1734486487
